{"cameraMode":{"drawMode":0,"name":"Shaded","section":"Shading Mode"},"sceneLighting":false,"audioPlay":false,"sceneViewState":{"showFog":true,"showMaterialUpdate":true,"showSkybox":false,"showFlares":true,"showImageEffects":true,"showParticleSystems":true},"in2DMode":false,"pivot":{"x":0.5692992210388184,"y":0.9901265501976013,"z":0.7152292728424072},"rotation":{"x":0.03207598999142647,"y":0.7053282856941223,"z":-0.03197932988405228,"w":0.7074400782585144},"size":1.7403719425201417,"orthographic":true}