{"cameraMode":{"drawMode":0,"name":"Shaded","section":"Shading Mode"},"sceneLighting":false,"audioPlay":false,"sceneViewState":{"showFog":true,"showMaterialUpdate":true,"showSkybox":false,"showFlares":true,"showImageEffects":true,"showParticleSystems":true},"in2DMode":false,"pivot":{"x":0.09285759925842285,"y":0.4236758351325989,"z":0.29897192120552065},"rotation":{"x":0.1229376494884491,"y":0.6324320435523987,"z":-0.10258679836988449,"w":0.7578926682472229},"size":0.8590225577354431,"orthographic":false}